rank,prev_rank,name,league,off,def,spi
1,1,Manchester City,Barclays Premier League,3.31,0.26,94.9
2,2,Bayern Munich,German Bundesliga,3.39,0.42,93.51
3,3,Liverpool,Barclays Premier League,2.97,0.28,92.96
4,5,Paris Saint-Germain,French Ligue 1,2.93,0.48,89.81
5,4,Barcelona,Spanish Primera Division,2.95,0.49,89.78
6,6,Real Madrid,Spanish Primera Division,2.85,0.47,89.34
7,7,Atletico Madrid,Spanish Primera Division,2.2,0.3,86.53
8,8,Chelsea,Barclays Premier League,2.61,0.55,85.86
9,9,Juventus,Italy Serie A,2.52,0.54,85.12
10,11,Leicester City,Barclays Premier League,2.34,0.47,84.51
11,10,RB Leipzig,German Bundesliga,2.63,0.64,84.31
12,13,Tottenham Hotspur,Barclays Premier League,2.53,0.64,83.27
13,16,Borussia Dortmund,German Bundesliga,2.52,0.72,81.61
14,15,Bayer Leverkusen,German Bundesliga,2.33,0.61,81.38
15,12,Ajax,Dutch Eredivisie,2.91,0.97,81.33
16,18,Manchester United,Barclays Premier League,2.18,0.55,80.76
17,17,Sevilla FC,Spanish Primera Division,2.13,0.52,80.68
18,14,FC Salzburg,Austrian T-Mobile Bundesliga,2.93,1.04,80.33
19,20,Internazionale,Italy Serie A,2.34,0.69,79.89
20,19,Napoli,Italy Serie A,2.25,0.65,79.47
21,21,Getafe,Spanish Primera Division,1.78,0.4,78.51
22,26,Real Sociedad,Spanish Primera Division,2.08,0.61,78.11
23,27,Benfica,Portuguese Liga,2.27,0.74,77.76
24,22,Everton,Barclays Premier League,2.09,0.64,77.53
25,28,Atalanta,Italy Serie A,2.36,0.85,76.85
26,25,AS Roma,Italy Serie A,2.1,0.68,76.68
27,24,Zenit St Petersburg,Russian Premier Liga,2.03,0.64,76.67
28,23,FC Porto,Portuguese Liga,1.93,0.58,76.55
29,29,Arsenal,Barclays Premier League,2.26,0.84,75.5
30,31,Borussia Monchengladbach,German Bundesliga,2.24,0.84,75.31
31,33,Wolverhampton,Barclays Premier League,1.91,0.62,75.05
32,30,Athletic Bilbao,Spanish Primera Division,1.79,0.56,74.55
33,35,Lazio,Italy Serie A,2.15,0.82,74.31
34,32,Eintracht Frankfurt,German Bundesliga,2.14,0.82,74.06
35,36,AC Milan,Italy Serie A,1.91,0.71,73.11
36,39,Valencia,Spanish Primera Division,2.13,0.87,72.85
37,44,Lyon,French Ligue 1,1.93,0.74,72.61
38,37,Villarreal,Spanish Primera Division,2.12,0.88,72.53
39,38,VfL Wolfsburg,German Bundesliga,1.85,0.69,72.38
40,34,Flamengo,Brasileiro Série A,2.08,0.88,71.72
41,48,Olympiacos,Greek Super League,1.99,0.82,71.65
42,40,Club Brugge,Belgian Jupiler League,1.99,0.83,71.48
43,41,TSG Hoffenheim,German Bundesliga,2.2,0.99,71.35
44,42,Osasuna,Spanish Primera Division,1.85,0.74,71.14
45,52,AZ,Dutch Eredivisie,2.11,0.95,70.88
46,45,Crystal Palace,Barclays Premier League,1.78,0.72,70.27
47,50,Lille,French Ligue 1,1.76,0.72,70.07
48,43,Shakhtar Donetsk,UEFA Champions League,2.13,1.01,69.87
49,46,Schalke 04,German Bundesliga,1.95,0.87,69.8
50,57,Marseille,French Ligue 1,1.82,0.78,69.75
51,62,Granada,Spanish Primera Division,1.72,0.7,69.63
52,51,Sheffield United,Barclays Premier League,1.76,0.74,69.54
53,65,Basel,Swiss Raiffeisen Super League,2.14,1.04,69.38
54,47,Burnley,Barclays Premier League,1.89,0.84,69.3
55,55,Real Betis,Spanish Primera Division,1.96,0.9,69.28
56,61,Brighton and Hove Albion,Barclays Premier League,1.88,0.86,68.71
57,49,Celtic,Scottish Premiership,1.99,0.95,68.58
58,58,Leeds United,English League Championship,1.74,0.77,68.51
59,60,Espanyol,Spanish Primera Division,1.82,0.84,68.28
60,54,Celta Vigo,Spanish Primera Division,1.76,0.79,68.2
61,56,Eibar,Spanish Primera Division,1.75,0.78,68.19
62,59,FC Krasnodar,Russian Premier Liga,1.8,0.82,68.11
63,53,AFC Bournemouth,Barclays Premier League,1.9,0.91,67.86
64,66,Fiorentina,Italy Serie A,1.86,0.9,67.58
65,63,Werder Bremen,German Bundesliga,2.03,1.05,67.15
66,79,AS Monaco,French Ligue 1,1.92,0.96,67.14
67,64,Rangers,Scottish Premiership,2.05,1.06,67.11
68,69,PAOK Salonika,Greek Super League,1.92,0.97,66.93
69,73,Southampton,Barclays Premier League,1.91,0.97,66.58
70,76,Watford,Barclays Premier League,1.77,0.86,66.52
71,74,Palmeiras,Brasileiro Série A,1.67,0.79,66.46
72,71,Dynamo Kiev,UEFA Europa League,1.93,1.0,66.42
73,67,Aston Villa,Barclays Premier League,1.94,1.02,66.09
74,78,Leganes,Spanish Primera Division,1.62,0.77,65.83
75,72,Dinamo Zagreb,UEFA Champions League,2.05,1.14,65.45
76,68,Alavés,Spanish Primera Division,1.72,0.87,65.41
77,88,Santos,Brasileiro Série A,1.6,0.78,65.25
78,75,Montpellier,French Ligue 1,1.57,0.76,65.1
79,77,River Plate,Argentina Primera Division,1.81,0.96,65.08
80,87,PSV,Dutch Eredivisie,2.09,1.19,65.05
81,85,LASK Linz,Austrian T-Mobile Bundesliga,1.8,0.96,64.93
82,70,West Ham United,Barclays Premier League,1.87,1.01,64.92
83,83,Newcastle,Barclays Premier League,1.7,0.89,64.5
84,81,Young Boys,Swiss Raiffeisen Super League,2.23,1.33,64.47
85,80,Hertha Berlin,German Bundesliga,1.88,1.05,64.44
86,95,FC Augsburg,German Bundesliga,1.88,1.08,63.71
87,94,1. FC Union Berlin,German Bundesliga,1.71,0.94,63.54
88,90,CSKA Moscow,Russian Premier Liga,1.63,0.88,63.38
89,93,Nantes,French Ligue 1,1.49,0.76,63.36
90,100,Slavia Prague,UEFA Champions League,1.92,1.13,63.19
91,96,Sporting CP,Portuguese Liga,1.68,0.93,63.1
92,97,Angers,French Ligue 1,1.53,0.82,62.73
93,82,Grêmio,Brasileiro Série A,1.65,0.93,62.69
94,91,Bologna,Italy Serie A,1.79,1.05,62.57
95,105,FC Midtjylland,Danish SAS-Ligaen,1.72,0.99,62.4
96,98,Strasbourg,French Ligue 1,1.64,0.93,62.4
97,84,Real Valladolid,Spanish Primera Division,1.55,0.85,62.35
98,89,Brentford,English League Championship,1.59,0.89,62.27
99,104,Atlético Paranaense,Brasileiro Série A,1.42,0.75,62.05
100,103,Ludogorets,UEFA Europa League,1.74,1.03,61.92
101,101,Torino,Italy Serie A,1.64,0.95,61.86
102,106,SC Freiburg,German Bundesliga,1.79,1.08,61.85
103,107,Guangzhou Evergrande,Chinese Super League,1.87,1.15,61.79
104,92,Mainz,German Bundesliga,1.97,1.24,61.71
105,99,Levante,Spanish Primera Division,1.92,1.21,61.29
106,112,Malmo FF,Swedish Allsvenskan,1.59,0.93,61.18
107,114,Reims,French Ligue 1,1.39,0.76,61.18
108,115,Sassuolo,Italy Serie A,1.77,1.09,61.12
109,109,Sampdoria,Italy Serie A,1.6,0.95,61.01
110,118,Braga,Portuguese Liga,1.62,0.98,60.73
111,102,Mallorca,Spanish Primera Division,1.75,1.1,60.58
112,86,Fortuna Düsseldorf,German Bundesliga,1.82,1.16,60.56
113,113,FC Cologne,German Bundesliga,1.68,1.04,60.34
114,121,Stade Rennes,French Ligue 1,1.56,0.94,60.3
115,110,Galatasaray,Turkish Turkcell Super Lig,1.62,1.01,60.06
116,122,FC Copenhagen,Danish SAS-Ligaen,1.75,1.12,59.99
117,119,Cagliari,Italy Serie A,1.75,1.13,59.83
118,123,West Bromwich Albion,English League Championship,1.7,1.08,59.81
119,116,Club América,Mexican Primera Division Torneo Apertura,1.69,1.08,59.59
120,120,Boca Juniors,Argentina Primera Division,1.47,0.89,59.47
121,117,Bordeaux,French Ligue 1,1.47,0.9,59.28
122,108,Fulham,English League Championship,1.68,1.1,59.12
123,125,Besiktas,Turkish Turkcell Super Lig,1.84,1.24,59.1
124,129,KAA Gent,Belgian Jupiler League,1.71,1.13,59.1
125,130,St Etienne,French Ligue 1,1.5,0.94,59.08
126,131,Trabzonspor,Turkish Turkcell Super Lig,1.74,1.17,58.62
127,127,Shanghai SIPG,Chinese Super League,1.69,1.13,58.37
128,128,Beijing Guoan,Chinese Super League,1.76,1.21,58.34
129,126,Norwich City,Barclays Premier League,1.7,1.15,58.31
130,133,Parma,Italy Serie A,1.6,1.06,58.29
131,136,Internacional,Brasileiro Série A,1.49,0.97,58.03
132,111,Lokomotiv Moscow,Russian Premier Liga,1.64,1.11,57.92
133,144,Fenerbahce,Turkish Turkcell Super Lig,1.76,1.23,57.69
134,134,Los Angeles FC,Major League Soccer,1.98,1.43,57.68
135,124,Nice,French Ligue 1,1.57,1.06,57.57
136,137,Apoel Nicosia,UEFA Europa League,1.63,1.12,57.36
137,142,Genoa,Italy Serie A,1.72,1.21,57.21
138,148,Monterrey,Mexican Primera Division Torneo Apertura,1.62,1.12,57.15
139,138,Hammarby,Swedish Allsvenskan,2.13,1.6,57.14
140,141,São Paulo,Brasileiro Série A,1.32,0.85,57.09
141,135,Istanbul Basaksehir,Turkish Turkcell Super Lig,1.49,1.01,57.04
142,139,Verona,Italy Serie A,1.51,1.03,57.0
143,132,Rapid Vienna,Austrian T-Mobile Bundesliga,1.78,1.28,56.95
144,149,SC Paderborn,German Bundesliga,1.65,1.16,56.9
145,143,Guimaraes,Portuguese Liga,1.5,1.03,56.81
146,151,St Gallen,Swiss Raiffeisen Super League,1.91,1.41,56.64
147,140,Red Star Belgrade,UEFA Champions League,1.92,1.43,56.48
148,166,Rostov,Russian Premier Liga,1.54,1.09,56.16
149,146,Santos Laguna,Mexican Primera Division Torneo Apertura,1.7,1.25,55.95
150,147,Tigres UANL,Mexican Primera Division Torneo Apertura,1.44,1.02,55.77
151,150,Standard Liege,Belgian Jupiler League,1.68,1.25,55.57
152,177,FC Arsenal Tula,Russian Premier Liga,1.4,0.99,55.46
153,152,Molde,Norwegian Tippeligaen,1.93,1.5,55.26
154,157,Dijon FCO,French Ligue 1,1.4,1.02,54.77
155,153,Spal,Italy Serie A,1.45,1.07,54.58
156,156,Cruz Azul,Mexican Primera Division Torneo Apertura,1.46,1.09,54.51
157,158,Udinese,Italy Serie A,1.47,1.11,54.08
158,155,Lecce,Italy Serie A,1.68,1.32,53.89
159,161,Genk,Belgian Jupiler League,1.69,1.35,53.63
160,183,Yokohama F. Marinos,Japanese J League,1.76,1.42,53.62
161,167,Atletico Mineiro,Brasileiro Série A,1.42,1.08,53.53
162,159,Brest,French Ligue 1,1.49,1.16,53.41
163,162,Feyenoord,Dutch Eredivisie,1.69,1.35,53.31
164,180,Sivasspor,Turkish Turkcell Super Lig,1.67,1.34,53.29
165,154,Wolfsberger AC,Austrian T-Mobile Bundesliga,1.65,1.32,53.25
166,164,Pachuca,Mexican Primera Division Torneo Apertura,1.63,1.31,53.21
167,195,AEK Athens,Greek Super League,1.5,1.17,53.19
168,145,Spartak Moscow,Russian Premier Liga,1.29,0.98,53.0
169,169,FK Qarabag,UEFA Europa League,1.47,1.16,52.96
170,173,Fluminense,Brasileiro Série A,1.35,1.04,52.91
171,179,Corinthians,Brasileiro Série A,1.26,0.96,52.88
172,172,Brescia,Italy Serie A,1.5,1.19,52.86
173,170,Ferencvaros,UEFA Europa League,1.55,1.24,52.74
174,176,Rio Ave,Portuguese Liga,1.44,1.14,52.54
175,202,Antwerp,Belgian Jupiler League,1.62,1.33,52.47
176,160,Amiens,French Ligue 1,1.4,1.12,52.39
177,168,Brondby,Danish SAS-Ligaen,1.77,1.48,52.35
178,182,Sheffield Wednesday,English League Championship,1.41,1.13,52.3
179,192,Hull City,English League Championship,1.51,1.23,52.26
180,174,Djurgardens IF,Swedish Allsvenskan,1.36,1.08,52.22
181,175,IFK Norrkoping,Swedish Allsvenskan,1.54,1.26,52.21
182,163,Metz,French Ligue 1,1.36,1.09,52.0
183,178,FK Partizan Belgrade,UEFA Europa League,1.48,1.22,51.91
184,193,Vasco da Gama,Brasileiro Série A,1.34,1.08,51.83
185,171,Toulouse,French Ligue 1,1.55,1.3,51.32
186,186,Jiangsu Suning FC,Chinese Super League,1.5,1.26,51.28
187,187,FC Astana,UEFA Europa League,1.55,1.31,51.26
188,190,Kawasaki Frontale,Japanese J League,1.48,1.25,51.15
189,184,Cruzeiro,Brasileiro Série A,1.18,0.96,50.89
190,197,VfB Stuttgart,German 2. Bundesliga,1.6,1.38,50.7
191,165,Nimes,French Ligue 1,1.41,1.2,50.68
192,200,Velez Sarsfield,Argentina Primera Division,1.19,0.97,50.63
193,189,Cardiff City,English League Championship,1.45,1.24,50.62
194,185,Nottingham Forest,English League Championship,1.31,1.1,50.55
195,181,Bahía,Brasileiro Série A,1.28,1.07,50.48
196,188,Racing Club,Argentina Primera Division,1.29,1.08,50.39
197,194,Stoke City,English League Championship,1.33,1.13,50.38
198,199,Preston North End,English League Championship,1.38,1.19,50.25
199,203,Bristol City,English League Championship,1.49,1.3,50.19
200,209,FC Utrecht,Dutch Eredivisie,1.61,1.42,50.12
201,198,León,Mexican Primera Division Torneo Apertura,1.53,1.34,50.12
202,201,Shandong Luneng,Chinese Super League,1.6,1.43,49.81
203,191,Ceará,Brasileiro Série A,1.25,1.07,49.77
204,196,Dinamo Moscow,Russian Premier Liga,1.13,0.97,49.16
205,204,Vitesse,Dutch Eredivisie,1.69,1.56,49.02
206,215,Millwall,English League Championship,1.32,1.18,49.01
207,231,Queens Park Rangers,English League Championship,1.42,1.28,48.88
208,205,Hamburg SV,German 2. Bundesliga,1.45,1.32,48.73
209,212,AIK,Swedish Allsvenskan,1.29,1.16,48.48
210,217,Girona FC,Spanish Segunda Division,1.41,1.3,48.28
211,219,Defensa y Justicia,Argentina Primera Division,1.18,1.06,48.25
212,225,Huddersfield Town,English League Championship,1.29,1.18,48.23
213,216,Atlanta United FC,Major League Soccer,1.47,1.38,47.92
214,213,Anderlecht,Belgian Jupiler League,1.31,1.21,47.82
215,214,Alanyaspor,Turkish Turkcell Super Lig,1.34,1.25,47.8
216,220,Sporting de Charleroi,Belgian Jupiler League,1.33,1.24,47.73
217,206,SK Sturm Graz,Austrian T-Mobile Bundesliga,1.37,1.29,47.72
218,207,Swansea City,English League Championship,1.4,1.32,47.71
219,226,Fortaleza,Brasileiro Série A,1.31,1.22,47.7
220,218,Lorient,French Ligue 2,1.39,1.31,47.65
221,221,Kashima Antlers,Japanese J League,1.27,1.19,47.56
222,235,Heerenveen,Dutch Eredivisie,1.62,1.55,47.55
223,237,FC Ufa,Russian Premier Liga,1.0,0.9,47.42
224,222,CFR 1907 Cluj,UEFA Europa League,1.41,1.35,47.29
225,211,Yeni Malatyaspor,Turkish Turkcell Super Lig,1.54,1.49,47.02
226,210,Necaxa,Mexican Primera Division Torneo Apertura,1.4,1.35,46.94
227,227,Querétaro,Mexican Primera Division Torneo Apertura,1.36,1.31,46.87
228,233,Blackburn,English League Championship,1.33,1.28,46.83
229,230,Pumas Unam,Mexican Primera Division Torneo Apertura,1.29,1.25,46.67
230,224,Boavista,Portuguese Liga,1.11,1.05,46.62
231,232,New York City FC,Major League Soccer,1.49,1.46,46.62
232,208,Gazovik Orenburg,Russian Premier Liga,1.34,1.3,46.62
233,234,Heracles,Dutch Eredivisie,1.62,1.6,46.53
234,240,Lanus,Argentina Primera Division,1.26,1.21,46.51
235,223,Birmingham,English League Championship,1.27,1.24,46.29
236,236,Derby County,English League Championship,1.3,1.28,46.15
237,246,Banfield,Argentina Primera Division,1.12,1.09,46.08
238,242,Aris Salonika,Greek Super League,1.38,1.37,45.99
239,228,AGF Aarhus,Danish SAS-Ligaen,1.38,1.37,45.98
240,229,CA Independiente,Argentina Primera Division,1.16,1.13,45.94
241,241,Philadelphia Union,Major League Soccer,1.5,1.51,45.79
242,267,FC Tambov,Russian Premier Liga,1.27,1.26,45.72
243,247,Newell's Old Boys,Argentina Primera Division,1.2,1.19,45.7
244,302,Servette,Swiss Raiffeisen Super League,1.35,1.36,45.59
245,239,Talleres de Córdoba,Argentina Primera Division,1.14,1.13,45.48
246,266,Middlesbrough,English League Championship,1.21,1.21,45.37
247,244,Slovan Bratislava,UEFA Europa League,1.24,1.25,45.34
248,245,Toronto FC,Major League Soccer,1.49,1.52,45.31
249,254,Morelia,Mexican Primera Division Torneo Apertura,1.39,1.42,45.3
250,248,PFC Oleksandriya,UEFA Europa League,1.31,1.33,45.21
251,238,Reading,English League Championship,1.26,1.27,45.13
252,259,Ural Sverdlovsk Oblast,Russian Premier Liga,1.28,1.3,45.06
253,250,Santa Clara,Portuguese Liga,1.25,1.28,44.97
254,252,Mouscron-Peruwelz,Belgian Jupiler League,1.29,1.32,44.89
255,249,Gil Vicente,Portuguese Liga,1.17,1.19,44.84
256,262,FK Austria Vienna,Austrian T-Mobile Bundesliga,1.51,1.57,44.68
257,256,Guadalajara,Mexican Primera Division Torneo Apertura,1.25,1.31,44.3
258,243,FC Groningen,Dutch Eredivisie,1.11,1.15,44.24
259,258,Portimonense,Portuguese Liga,1.23,1.29,44.13
260,260,Lens,French Ligue 2,1.14,1.19,43.95
261,251,SV Zulte Waregem,Belgian Jupiler League,1.36,1.44,43.94
262,257,Famalicao,Portuguese Liga,1.39,1.47,43.93
263,274,Arsenal Sarandi,Argentina Primera Division,1.28,1.36,43.83
264,261,Los Angeles Galaxy,Major League Soccer,1.81,1.94,43.78
265,301,Willem II,Dutch Eredivisie,1.57,1.68,43.76
266,253,FC Nordsjaelland,Danish SAS-Ligaen,1.42,1.53,43.62
267,263,AaB,Danish SAS-Ligaen,1.26,1.35,43.59
268,279,Goztepe,Turkish Turkcell Super Lig,1.17,1.25,43.58
269,264,Chicago Fire,Major League Soccer,1.45,1.56,43.52
270,292,Rayo Vallecano,Spanish Segunda Division,1.27,1.37,43.39
271,276,Almeria,Spanish Segunda Division,1.17,1.26,43.38
272,269,Rosenborg,Norwegian Tippeligaen,1.51,1.63,43.38
273,265,FC Lugano,Swiss Raiffeisen Super League,1.12,1.2,43.35
274,288,Goiás,Brasileiro Série A,1.33,1.44,43.18
275,271,Seattle Sounders FC,Major League Soccer,1.39,1.51,43.13
276,255,Terek Grozny,Russian Premier Liga,0.98,1.06,42.99
277,281,Rosario Central,Argentina Primera Division,1.11,1.21,42.93
278,293,Estudiantes,Argentina Primera Division,1.03,1.12,42.64
279,272,Odense BK,Danish SAS-Ligaen,1.24,1.37,42.6
280,273,Sochi,Russian Premier Liga,1.18,1.31,42.53
281,270,Cadiz,Spanish Segunda Division,1.05,1.16,42.47
282,303,Cerezo Osaka,Japanese J League,0.96,1.06,42.37
283,275,Atlético Tucumán,Argentina Primera Division,1.1,1.23,42.35
284,268,Argentinos Juniors,Argentina Primera Division,1.0,1.1,42.34
285,278,Guingamp,French Ligue 2,1.34,1.5,42.24
286,285,Union Santa Fe,Argentina Primera Division,1.07,1.2,42.23
287,280,Atromitos,Greek Super League,1.21,1.37,42.02
288,284,New York Red Bulls,Major League Soccer,1.41,1.59,41.98
289,291,Rubin Kazan,Russian Premier Liga,0.88,0.98,41.96
290,286,Sydney FC,Australian A-League,1.41,1.6,41.87
291,304,Vitoria Setubal,Portuguese Liga,1.0,1.14,41.76
292,290,BK Hacken,Swedish Allsvenskan,1.15,1.31,41.67
293,294,Tianjin Teda,Chinese Super League,1.28,1.47,41.44
294,297,Portland Timbers,Major League Soccer,1.44,1.66,41.32
295,298,Tondela,Portuguese Liga,1.18,1.36,41.31
296,300,Arminia Bielefeld,German 2. Bundesliga,1.26,1.45,41.27
297,277,Krylia Sovetov,Russian Premier Liga,1.09,1.26,41.21
298,289,Moreirense,Portuguese Liga,1.17,1.35,41.13
299,299,FC Dallas,Major League Soccer,1.37,1.6,40.98
300,282,Randers FC,Danish SAS-Ligaen,1.31,1.53,40.96
301,308,San Lorenzo,Argentina Primera Division,1.16,1.35,40.92
302,287,Pacos Ferreira,Portuguese Liga,1.12,1.32,40.66
303,310,Sanfrecce Hiroshima,Japanese J League,1.03,1.22,40.64
304,307,Tijuana,Mexican Primera Division Torneo Apertura,1.27,1.5,40.44
305,312,St. Truidense,Belgian Jupiler League,1.23,1.47,40.35
306,305,Wigan,English League Championship,1.17,1.4,40.3
307,313,Arizona United,United Soccer League,1.43,1.71,40.24
308,314,San Jose Earthquakes,Major League Soccer,1.4,1.68,40.13
309,319,Gimnasia La Plata,Argentina Primera Division,1.05,1.26,40.06
310,315,Chapecoense AF,Brasileiro Série A,1.05,1.27,39.91
311,306,Central Córdoba Santiago del Estero,Argentina Primera Division,1.1,1.34,39.83
312,311,OFI Crete,Greek Super League,1.17,1.43,39.71
313,324,Gamba Osaka,Japanese J League,1.33,1.62,39.58
314,316,Bodo/Glimt,Norwegian Tippeligaen,1.49,1.81,39.56
315,337,Vissel Kobe,Japanese J League,1.6,1.94,39.43
316,317,Puebla,Mexican Primera Division Torneo Apertura,1.17,1.44,39.42
317,295,Botafogo,Brasileiro Série A,1.03,1.27,39.41
318,296,FC Tokyo,Japanese J League,0.98,1.21,39.39
319,327,Belenenses,Portuguese Liga,1.08,1.34,39.17
320,320,Desportivo Aves,Portuguese Liga,1.12,1.4,39.06
321,325,KV Kortrijk,Belgian Jupiler League,1.26,1.57,38.98
322,321,Sparta,Dutch Eredivisie,1.27,1.58,38.96
323,322,ADO Den Haag,Dutch Eredivisie,1.36,1.7,38.88
324,342,Barnsley,English League Championship,1.24,1.55,38.72
325,351,Kaizer Chiefs,South African ABSA Premier League,1.11,1.4,38.7
326,326,Shanghai Greenland,Chinese Super League,1.34,1.68,38.68
327,318,Caykur Rizespor,Turkish Turkcell Super Lig,1.21,1.52,38.64
328,341,Hannover 96,German 2. Bundesliga,1.22,1.54,38.57
329,329,Henan Jianye,Chinese Super League,1.25,1.57,38.55
330,330,Minnesota United FC,Major League Soccer,1.25,1.58,38.54
331,309,SD Huesca,Spanish Segunda Division,1.01,1.29,38.46
332,333,FC Twente,Dutch Eredivisie,1.35,1.7,38.44
333,328,KV Mechelen,Belgian Jupiler League,1.22,1.55,38.26
334,334,Hebei China Fortune FC,Chinese Super League,1.29,1.65,38.14
335,353,Perth Glory,Australian A-League,1.23,1.57,38.13
336,336,Panathinaikos,Greek Super League,0.99,1.28,38.01
337,363,Cashpoint SC Rheindorf Altach,Austrian T-Mobile Bundesliga,1.33,1.71,37.85
338,340,Kasimpasa,Turkish Turkcell Super Lig,1.35,1.75,37.64
339,338,Wuhan Zall,Chinese Super League,1.17,1.53,37.62
340,339,New England Revolution,Major League Soccer,1.36,1.76,37.58
341,323,FC Sion,Swiss Raiffeisen Super League,1.34,1.73,37.55
342,331,Huracán,Argentina Primera Division,0.89,1.18,37.53
343,349,Maritimo,Portuguese Liga,1.06,1.4,37.48
344,343,Toluca,Mexican Primera Division Torneo Apertura,1.09,1.43,37.46
345,283,FC Zurich,Swiss Raiffeisen Super League,1.2,1.57,37.46
346,344,Troyes,French Ligue 2,0.95,1.26,37.45
347,332,Aberdeen,Scottish Premiership,1.19,1.56,37.39
348,346,Sporting Kansas City,Major League Soccer,1.37,1.78,37.38
349,347,Columbus Crew,Major League Soccer,1.12,1.47,37.36
350,366,Real Zaragoza,Spanish Segunda Division,1.13,1.49,37.35
351,348,Atlas,Mexican Primera Division Torneo Apertura,1.07,1.42,37.32
352,350,FC Luzern,Swiss Raiffeisen Super League,1.2,1.58,37.12
353,352,Hartberg,Austrian T-Mobile Bundesliga,1.49,1.94,37.09
354,354,Real Salt Lake,Major League Soccer,1.01,1.36,36.98
355,345,Konyaspor,Turkish Turkcell Super Lig,0.98,1.32,36.97
356,355,Le Havre,French Ligue 2,1.1,1.47,36.96
357,356,Colorado Rapids,Major League Soccer,1.36,1.79,36.83
358,367,Málaga,Spanish Segunda Division,0.85,1.17,36.75
359,358,Dalian Aerbin,Chinese Super League,1.29,1.73,36.66
360,361,Holstein Kiel,German 2. Bundesliga,1.3,1.73,36.57
361,365,IFK Goteborg,Swedish Allsvenskan,1.1,1.52,36.01
362,335,Charlton Athletic,English League Championship,1.12,1.55,35.88
363,362,Genclerbirligi,Turkish Turkcell Super Lig,1.23,1.69,35.86
364,359,Patronato,Argentina Primera Division,1.03,1.44,35.85
365,360,CSA,Brasileiro Série A,1.03,1.44,35.79
366,375,SV Sandhausen,German 2. Bundesliga,1.14,1.59,35.73
367,357,Oxford United,English League One,1.18,1.64,35.7
368,364,1. FC Nürnberg,German 2. Bundesliga,1.15,1.61,35.64
369,373,Mamelodi Sundowns,South African ABSA Premier League,1.0,1.42,35.49
370,372,Gazisehir Gaziantep,Turkish Turkcell Super Lig,1.13,1.58,35.48
371,371,Luton Town,English League Championship,1.18,1.64,35.48
372,368,Viking FK,Norwegian Tippeligaen,1.31,1.81,35.41
373,383,Denizlispor,Turkish Turkcell Super Lig,0.98,1.41,35.11
374,385,1. FC Heidenheim 1846,German 2. Bundesliga,1.09,1.56,35.08
375,379,Elche,Spanish Segunda Division,1.03,1.48,35.06
376,374,DC United,Major League Soccer,1.14,1.62,35.05
377,377,Houston Dynamo,Major League Soccer,1.23,1.74,34.92
378,381,Chongqing Lifan,Chinese Super League,1.08,1.56,34.78
379,393,Frosinone,Italy Serie B,1.02,1.49,34.77
380,382,F91 Dudelange,UEFA Europa League,1.39,1.96,34.72
381,386,Larissa,Greek Super League,0.92,1.36,34.68
382,399,Benevento,Italy Serie B,0.95,1.4,34.65
383,384,Caen,French Ligue 2,1.04,1.52,34.62
384,376,Asteras Tripolis,Greek Super League,0.86,1.29,34.44
385,378,Jahn Regensburg,German 2. Bundesliga,1.27,1.82,34.42
386,406,Las Palmas,Spanish Segunda Division,1.01,1.49,34.33
387,389,Fuenlabrada,Spanish Segunda Division,0.99,1.47,34.11
388,387,Real Monarchs SLC,United Soccer League,1.46,2.08,34.09
389,369,Melbourne City,Australian A-League,1.18,1.73,34.02
390,420,Motherwell,Scottish Premiership,1.15,1.69,33.92
391,390,Haugesund,Norwegian Tippeligaen,1.1,1.63,33.89
392,370,PEC Zwolle,Dutch Eredivisie,1.29,1.88,33.81
393,392,Guangzhou RF,Chinese Super League,1.44,2.07,33.73
394,394,Atlético San Luis,Mexican Primera Division Torneo Apertura,1.0,1.51,33.68
395,395,Orlando City SC,Major League Soccer,1.22,1.79,33.65
396,397,FC Juárez,Mexican Primera Division Torneo Apertura,0.98,1.5,33.51
397,398,Tianjin Quanujian,Chinese Super League,1.16,1.73,33.51
398,401,Sporting Gijón,Spanish Segunda Division,0.81,1.27,33.49
399,396,Consadole Sapporo,Japanese J League,1.15,1.72,33.38
400,391,Crotone,Italy Serie B,1.0,1.53,33.36
401,416,Hibernian,Scottish Premiership,1.16,1.73,33.34
402,409,Lamia,Greek Super League,0.86,1.35,33.14
403,405,Bidvest Wits,South African ABSA Premier League,0.99,1.53,32.95
404,431,Aldosivi,Argentina Primera Division,0.87,1.37,32.87
405,402,Ipswich Town,English League One,0.97,1.52,32.83
406,407,Shenzhen FC,Chinese Super League,1.19,1.81,32.64
407,380,Colon Santa Fe,Argentina Primera Division,0.93,1.47,32.48
408,408,Avaí,Brasileiro Série A,0.87,1.4,32.37
409,436,Real Oviedo,Spanish Segunda Division,1.02,1.6,32.34
410,411,Neuchatel Xamax,Swiss Raiffeisen Super League,1.11,1.74,32.25
411,400,VfL Bochum,German 2. Bundesliga,1.17,1.81,32.2
412,417,VfL Osnabruck,German 2. Bundesliga,1.02,1.61,32.15
413,425,FC Trenkwalder Admira,Austrian T-Mobile Bundesliga,1.17,1.82,32.11
414,414,Pittsburgh Riverhounds,United Soccer League,0.97,1.56,31.99
415,415,Nashville SC,United Soccer League,0.94,1.52,31.95
416,410,Chievo Verona,Italy Serie B,0.95,1.54,31.85
417,418,Montreal Impact,Major League Soccer,1.11,1.76,31.83
418,403,Sunderland,English League One,1.0,1.62,31.75
419,412,Orlando Pirates,South African ABSA Premier League,1.02,1.64,31.73
420,419,Louisville City FC,United Soccer League,1.17,1.84,31.7
421,404,Emmen,Dutch Eredivisie,1.14,1.8,31.63
422,413,Karlsruher SC,German 2. Bundesliga,1.14,1.81,31.6
423,428,Peterborough United,English League One,1.22,1.93,31.26
424,426,AC Ajaccio,French Ligue 2,0.72,1.26,31.18
425,421,Esbjerg,Danish SAS-Ligaen,0.98,1.63,30.98
426,422,KV Oostende,Belgian Jupiler League,1.04,1.71,30.95
427,423,SD Ponferradina,Spanish Segunda Division,0.91,1.54,30.86
428,429,Clermont Foot,French Ligue 2,0.85,1.46,30.83
429,437,Eupen,Belgian Jupiler League,0.95,1.59,30.82
430,433,FC St. Pauli,German 2. Bundesliga,0.98,1.63,30.76
431,388,Kilmarnock,Scottish Premiership,0.84,1.46,30.61
432,434,Stabaek,Norwegian Tippeligaen,0.95,1.61,30.54
433,435,AS Nancy Lorraine,French Ligue 2,0.8,1.41,30.52
434,438,Lobos de la BUAP,Mexican Primera Division Torneo Clausura,0.98,1.67,30.3
435,449,Empoli,Italy Serie B,1.04,1.74,30.24
436,457,SpVgg Greuther Fürth,German 2. Bundesliga,0.96,1.64,30.21
437,441,Kristiansund BK,Norwegian Tippeligaen,1.08,1.81,30.19
438,424,Numancia,Spanish Segunda Division,0.77,1.38,30.18
439,444,IF Elfsborg,Swedish Allsvenskan,1.07,1.8,30.15
440,443,SV Darmstadt 98,German 2. Bundesliga,0.92,1.59,30.13
441,432,Hobro IK,Danish SAS-Ligaen,0.89,1.55,30.12
442,430,Antalyaspor,Turkish Turkcell Super Lig,1.02,1.73,30.1
443,451,Sonderjyske,Danish SAS-Ligaen,1.05,1.77,30.02
444,445,Racing Santander,Spanish Segunda Division,0.91,1.58,29.97
445,427,Tenerife,Spanish Segunda Division,0.87,1.54,29.87
446,459,Lyngby,Danish SAS-Ligaen,1.03,1.77,29.79
447,440,Albacete,Spanish Segunda Division,0.72,1.33,29.68
448,460,Kayserispor,Turkish Turkcell Super Lig,1.03,1.77,29.67
449,442,Vegalta Sendai,Japanese J League,0.88,1.57,29.56
450,470,Newcastle Jets,Australian A-League,1.12,1.91,29.43
451,466,Melbourne Victory,Australian A-League,1.12,1.92,29.37
452,446,Adelaide United,Australian A-League,1.1,1.88,29.35
453,448,Western United,Australian A-League,0.98,1.73,29.29
454,439,RKC,Dutch Eredivisie,1.13,1.93,29.25
455,454,Portsmouth,English League One,0.97,1.72,29.23
456,456,Odd BK,Norwegian Tippeligaen,1.04,1.81,29.21
457,461,Sochaux,French Ligue 2,0.74,1.39,28.99
458,463,Auxerre,French Ligue 2,0.82,1.52,28.89
459,458,FC Xanthi,Greek Super League,0.73,1.38,28.88
460,453,Godoy Cruz,Argentina Primera Division,0.94,1.7,28.81
461,447,SV Mattersburg,Austrian T-Mobile Bundesliga,1.12,1.95,28.77
462,465,Tampa Bay Rowdies,United Soccer League,1.0,1.79,28.71
463,484,VVV Venlo,Dutch Eredivisie,1.15,2.02,28.45
464,469,Urawa Red Diamonds,Japanese J League,0.96,1.74,28.44
465,452,Thun,Swiss Raiffeisen Super League,1.1,1.95,28.36
466,476,Cittadella,Italy Serie B,0.87,1.63,28.16
467,468,Mirandes,Spanish Segunda Division,0.92,1.71,28.14
468,464,Nagoya Grampus Eight,Japanese J League,1.01,1.84,28.06
469,473,St. Pölten,Austrian T-Mobile Bundesliga,1.0,1.84,27.96
470,472,Volos NFC,Greek Super League,0.9,1.69,27.93
471,474,Reno 1868 FC,United Soccer League,1.14,2.04,27.93
472,475,Grenoble,French Ligue 2,0.75,1.47,27.86
473,455,Rotherham United,English League One,0.92,1.74,27.62
474,481,Valenciennes,French Ligue 2,0.75,1.49,27.41
475,462,Fortuna Sittard,Dutch Eredivisie,1.21,2.16,27.33
476,450,Waasland-Beveren,Belgian Jupiler League,0.97,1.84,27.24
477,491,Silkeborg,Danish SAS-Ligaen,1.12,2.05,27.17
478,471,Deportivo La Coruña,Spanish Segunda Division,0.77,1.55,27.17
479,477,Dynamo Dresden,German 2. Bundesliga,0.9,1.74,27.14
480,480,Wellington Phoenix,Australian A-League,1.13,2.07,27.12
481,467,AD Alcorcon,Spanish Segunda Division,0.73,1.5,27.01
482,483,Lugo,Spanish Segunda Division,0.79,1.58,27.0
483,478,Erzgebirge Aue,German 2. Bundesliga,0.95,1.82,26.94
484,485,Stromsgodset,Norwegian Tippeligaen,1.11,2.06,26.86
485,486,Guizhou Renhe,Chinese Super League,0.94,1.82,26.81
486,516,Livingston,Scottish Premiership,0.88,1.74,26.61
487,489,Valerenga,Norwegian Tippeligaen,0.92,1.81,26.34
488,494,Extremadura UD,Spanish Segunda Division,0.7,1.49,26.32
489,495,Shimizu S-Pulse,Japanese J League,1.07,2.03,26.23
490,490,Cercle Brugge,Belgian Jupiler League,1.02,1.97,26.22
491,482,Ankaragucu,Turkish Turkcell Super Lig,0.89,1.78,26.22
492,504,SuperSport United,South African ABSA Premier League,0.72,1.53,26.16
493,492,Spezia,Italy Serie B,0.81,1.67,25.92
494,498,Perugia,Italy Serie B,0.87,1.77,25.83
495,497,WSG Swarovski Wattens,Austrian T-Mobile Bundesliga,1.06,2.06,25.82
496,479,Panionios,Greek Super League,0.8,1.69,25.54
497,493,Doncaster Rovers,English League One,0.87,1.81,25.27
498,488,Black Aces,South African ABSA Premier League,0.86,1.81,25.07
499,487,Oita Trinita,Japanese J League,0.65,1.48,25.06
500,517,Blackpool,English League One,0.83,1.77,25.03
501,502,New York Red Bulls II,United Soccer League,1.2,2.31,25.01
502,503,SV Wehen Wiesbaden,German 2. Bundesliga,0.89,1.87,24.93
503,505,Chateauroux,French Ligue 2,0.64,1.47,24.9
504,506,Veracruz,Mexican Primera Division Torneo Apertura,0.87,1.83,24.89
505,510,Western Sydney FC,Australian A-League,0.98,2.01,24.65
506,508,SK Brann,Norwegian Tippeligaen,0.74,1.65,24.63
507,509,Paris FC,French Ligue 2,0.6,1.43,24.52
508,518,Bloem Celtic,South African ABSA Premier League,0.8,1.75,24.43
509,511,Rodez,French Ligue 2,0.8,1.75,24.41
510,512,GIF Sundsvall,Swedish Allsvenskan,0.88,1.88,24.39
511,501,Hearts,Scottish Premiership,0.81,1.78,24.23
512,513,Vancouver Whitecaps,Major League Soccer,0.93,1.98,24.08
513,507,Sagan Tosu,Japanese J League,0.74,1.69,24.05
514,500,Fleetwood Town,English League One,0.87,1.9,24.0
515,514,Wycombe Wanderers,English League One,0.69,1.62,23.88
516,499,US Pescara,Italy Serie B,0.84,1.85,23.88
517,519,AC Horsens,Danish SAS-Ligaen,0.76,1.73,23.77
518,496,Burton Albion,English League One,0.77,1.75,23.71
519,520,North Carolina FC,United Soccer League,0.96,2.08,23.23
520,521,Orebro SK,Swedish Allsvenskan,0.95,2.07,23.22
521,522,Pordenone Calcio,Italy Serie B,0.77,1.79,23.2
522,528,Virtus Entella,Italy Serie B,0.72,1.71,23.12
523,523,Orange County SC,United Soccer League,0.9,2.0,23.11
524,527,Cremonese,Italy Serie B,0.62,1.57,22.96
525,524,Sarpsborg,Norwegian Tippeligaen,0.72,1.73,22.96
526,525,Indy Eleven,United Soccer League,0.64,1.61,22.77
527,526,Cosenza,Italy Serie B,0.7,1.71,22.74
528,515,Panetolikos,Greek Super League,0.72,1.75,22.65
529,531,Brisbane Roar,Australian A-League,0.96,2.13,22.57
530,530,Shonan Bellmare,Japanese J League,0.86,1.99,22.29
531,533,Coventry City,English League One,0.7,1.75,22.18
532,532,Le Mans,French Ligue 2,0.8,1.9,22.15
533,534,Orléans,French Ligue 2,0.75,1.83,22.08
534,535,IK Sirius,Swedish Allsvenskan,0.84,1.98,22.06
535,529,Ascoli,Italy Serie B,0.76,1.85,22.05
536,547,F.B.C Unione Venezia,Italy Serie B,0.7,1.75,22.04
537,536,Tromso,Norwegian Tippeligaen,1.0,2.23,22.0
538,537,Niort,French Ligue 2,0.58,1.57,21.77
539,542,Livorno,Italy Serie B,0.7,1.78,21.64
540,539,FC Cincinnati,Major League Soccer,0.85,2.03,21.63
541,540,San Antonio FC,United Soccer League,1.07,2.38,21.61
542,546,Ross County,Scottish Premiership,0.86,2.06,21.45
543,545,Salernitana,Italy Serie B,0.7,1.81,21.17
544,543,Mjondalen,Norwegian Tippeligaen,0.84,2.05,21.08
545,544,Östersunds FK,Swedish Allsvenskan,0.8,2.0,20.9
546,550,Bristol Rovers,English League One,0.76,1.95,20.61
547,538,Highlands Park FC,South African ABSA Premier League,0.56,1.61,20.49
548,548,Chambly Thelle FC,French Ligue 2,0.63,1.75,20.47
549,541,Jubilo Iwata,Japanese J League,0.61,1.73,20.35
550,549,Sacramento Republic FC,United Soccer League,0.75,1.96,20.27
551,551,LA Galaxy II,United Soccer League,0.97,2.34,20.0
552,552,Austin Bold FC,United Soccer League,0.78,2.05,19.79
553,553,Ranheim,Norwegian Tippeligaen,0.87,2.19,19.77
554,554,Fresno FC,United Soccer League,0.86,2.18,19.74
555,555,El Paso Locomotive FC,United Soccer League,0.6,1.76,19.57
556,556,Helsingborgs IF,Swedish Allsvenskan,0.67,1.9,19.47
557,565,Lincoln City,English League One,0.62,1.81,19.42
558,557,Lillestrom,Norwegian Tippeligaen,0.71,1.96,19.42
559,559,Bradford City,English League Two,0.67,1.91,19.2
560,568,Swindon Town,English League Two,0.71,1.98,19.17
561,561,Golden Arrows,South African ABSA Premier League,0.54,1.73,18.58
562,562,Gillingham,English League One,0.58,1.81,18.48
563,563,Maritzburg Utd,South African ABSA Premier League,0.4,1.48,18.46
564,558,St Mirren,Scottish Premiership,0.6,1.86,18.28
565,560,Pisa,Italy Serie B,0.65,1.95,18.25
566,575,Scunthorpe,English League Two,0.68,2.03,18.03
567,567,Hamilton Academical,Scottish Premiership,0.69,2.04,17.91
568,564,New Mexico United,United Soccer League,0.82,2.29,17.79
569,569,Matsumoto Yamaga FC,Japanese J League,0.39,1.53,17.45
570,582,Cheltenham Town,English League Two,0.61,1.96,17.34
571,571,Accrington Stanley,English League One,0.62,1.97,17.25
572,573,St Johnstone,Scottish Premiership,0.61,1.97,17.13
573,574,Charleston Battery,United Soccer League,0.59,1.94,16.89
574,577,Milton Keynes Dons,English League One,0.61,1.99,16.88
575,566,Polokwane City FC,South African ABSA Premier League,0.53,1.86,16.64
576,570,Trapani,Italy Serie B,0.59,1.99,16.54
577,576,Shrewsbury Town,English League One,0.46,1.74,16.54
578,581,Chippa United,South African ABSA Premier League,0.36,1.54,16.36
579,578,Portland Timbers 2,United Soccer League,0.99,2.7,16.3
580,579,Loudoun United FC,United Soccer League,0.95,2.65,16.21
581,580,Ottawa Fury FC,United Soccer League,0.59,2.01,16.19
582,572,Juve Stabia,Italy Serie B,0.54,1.93,16.06
583,583,Northampton Town,English League Two,0.63,2.16,15.43
584,585,Central Coast Mariners,Australian A-League,0.7,2.32,15.03
585,596,Exeter City,English League Two,0.52,1.99,14.85
586,586,AmaZulu,South African ABSA Premier League,0.36,1.69,14.7
587,587,Tranmere Rovers,English League One,0.6,2.17,14.67
588,589,Crewe Alexandra,English League Two,0.6,2.18,14.62
589,590,AFC Wimbledon,English League One,0.52,2.02,14.54
590,591,Charlotte Independence,United Soccer League,0.6,2.19,14.44
591,599,Baroka FC,South African ABSA Premier League,0.33,1.64,14.39
592,592,Kalmar FF,Swedish Allsvenskan,0.47,1.95,14.35
593,584,Plymouth Argyle,English League Two,0.53,2.06,14.31
594,594,Vasby United,Swedish Allsvenskan,0.49,1.99,14.3
595,595,Saint Louis FC,United Soccer League,0.45,1.94,13.98
596,593,Black Leopards,South African ABSA Premier League,0.45,1.94,13.94
597,597,Oklahoma City Energy FC,United Soccer League,0.58,2.22,13.81
598,598,Rio Grande Valley FC Toros,United Soccer League,0.58,2.22,13.81
599,601,Falkenbergs FF,Swedish Allsvenskan,0.57,2.24,13.42
600,588,Forest Green Rovers,English League Two,0.38,1.85,13.27
601,602,Colchester United,English League Two,0.43,1.97,13.22
602,605,Rochdale,English League One,0.48,2.18,12.2
603,603,Las Vegas Lights FC,United Soccer League,0.57,2.39,12.05
604,600,Mansfield Town,English League Two,0.48,2.21,12.03
605,607,Hartford Athletic,United Soccer League,0.78,2.88,11.42
606,604,Oldham Athletic,English League Two,0.45,2.21,11.37
607,606,Salford City,English League Two,0.43,2.22,10.87
608,608,Stellenbosch FC,South African ABSA Premier League,0.33,2.01,10.74
609,609,Bolton,English League One,0.49,2.4,10.49
610,610,Swope Park Rangers,United Soccer League,0.68,2.87,9.98
611,611,Birmingham Legion FC,United Soccer League,0.39,2.26,9.95
612,612,Bethlehem Steel FC,United Soccer League,0.71,2.98,9.62
613,613,Southend United,English League One,0.58,2.76,9.37
614,616,Newport County,English League Two,0.2,1.88,9.13
615,614,Atlanta United 2,United Soccer League,0.62,2.88,9.09
616,615,Tacoma Defiance,United Soccer League,0.57,2.78,9.08
617,617,Memphis 901 FC,United Soccer League,0.32,2.23,8.92
618,618,Tulsa Roughnecks,United Soccer League,0.47,2.63,8.56
619,619,Leyton Orient,English League Two,0.41,2.5,8.53
620,620,Cambridge United,English League Two,0.21,2.03,8.23
621,621,Stevenage,English League Two,0.2,2.02,8.12
622,624,Carlisle United,English League Two,0.28,2.38,7.26
623,623,Crawley Town,English League Two,0.3,2.44,7.24
624,626,Macclesfield,English League Two,0.2,2.19,7.03
625,627,Walsall,English League Two,0.2,2.19,7.0
626,622,Port Vale,English League Two,0.2,2.2,6.95
627,625,Grimsby Town,English League Two,0.2,2.23,6.79
628,628,Colorado Springs Switchbacks FC,United Soccer League,0.2,2.45,5.6
629,629,Morecambe,English League Two,0.2,2.5,5.37
